datetime,T,CO2,solrad,Tout,occ,dpos,vpos
2018-04-04 08:00:00,21.57272738,615.5200094,364.3733317,11,19.7,0,13.16526624
2018-04-04 08:30:00,20.86666679,888.8685739,396.0533295,10.5,20.03333333,0,19.39668146
2018-04-04 09:00:00,21.43333308,1168.731428,112.3599981,9.5,40.26666667,0,1.960784316
2018-04-04 09:30:00,21.97999992,1311.039993,95.68000031,9.5,39.43333333,0,1.960784316
2018-04-04 10:00:00,20.95185188,990.7199881,194.3200022,9.5,40.1,0,29.57516366
2018-04-04 10:30:00,22.10000011,1457.645717,65.33333333,9.5,36.56666667,0,7.385620932
2018-04-04 11:00:00,22.65999985,1709.226664,80.34666443,9,33.73333333,0,7.385620932
2018-04-04 11:30:00,23.0999999,1906.559998,82.02666728,9,34.7,0,7.385620932
2018-04-04 12:00:00,22.25882351,1315.741558,87.68000031,10.5,32,0,3.529411769
2018-04-04 12:30:00,23.60000011,1524.373352,190.3466644,10.5,29.96666667,0,3.529411769
2018-04-04 13:00:00,23.29999992,1516.088881,188.7199961,10.5,23.93333333,0,3.529411769
2018-04-04 13:30:00,24.5,1845.394287,275.0933329,10.5,26.23333333,0,3.529411769
2018-04-04 14:00:00,22.96521734,1300.693339,370.0266724,11.5,26.23333333,0,3.529411769
2018-04-04 14:30:00,24.20000003,1060.400017,263.6799927,11.5,8.666666667,0,3.529411769
2018-04-04 15:00:00,24.89999994,1476.571446,98,11.5,0,0,3.529411769
2018-04-04 15:30:00,25.29999987,1607.466654,45,10.5,0,0,3.529411769
2018-04-04 16:00:00,25.07499981,1213.440018,11,9.5,0,0,3.529411769
2018-04-04 16:30:00,24.70000013,848.9600016,5.5,9.5,0,0,3.529411769
2018-04-04 17:00:00,24.44999981,741.851423,0,8.399999619,0,0,3.529411769
2018-04-04 17:30:00,24.20000013,674.4320068,0,7.399999619,0.3,0,3.529411769
2018-04-04 18:00:00,24,629.5771484,0,6.399999619,0,0,3.529411769
2018-04-04 18:30:00,23.35714286,574.7200012,0,7.899999619,0,45.09803772,3.529411769
2018-04-04 19:00:00,22.85000006,502.3466644,0,9.399999619,0,19.6078434,3.529411769
2018-04-04 19:30:00,23.29999987,491.0400035,0,9.399999619,0,19.6078434,3.529411769
2018-04-04 20:00:00,23.5,492.0533396,0,8.399999619,0,19.6078434,3.529411769
2018-04-04 20:30:00,23.5,504.1599986,0,8.399999619,0,19.6078434,3.529411769
2018-04-04 21:00:00,23.60000038,512.5333405,0,8.399999619,0,19.6078434,3.529411769
2018-04-04 21:30:00,23.5,535.6159912,0,7.399999619,0,19.6078434,3.529411769
2018-04-04 22:00:00,23.5,540.3733419,0,5.899999619,0,19.6078434,3.529411769
2018-04-04 22:30:00,23.5,559.5999908,0,5.899999619,0,19.6078434,3.529411769
2018-04-04 23:00:00,23.5,600,0,5.899999619,0.966666667,45.09803772,3.529411769
2018-04-04 23:30:00,23.5,606.7733256,0,4.894999981,0.3,45.09803772,3.529411769
2018-04-05 00:00:00,23.5,538.6666667,0,4.894999981,0,45.09803772,3.529411769
2018-04-05 00:30:00,23.5,585.813324,0,4.894999981,0,45.09803772,3.529411769
2018-04-05 01:00:00,23.39999962,692.1066589,0,5.899999619,0,0,3.529411769
2018-04-05 01:30:00,23.39999962,568.4114293,0,5.899999619,0,0,3.529411769
2018-04-05 02:00:00,23.29999924,526.986674,0,4.894999981,0,0,3.529411769
2018-04-05 02:30:00,23.29999924,512.1600037,0,4.894999981,0,0,3.529411769
2018-04-05 03:00:00,23.20000076,497.1733297,0,4.390000343,0,0,3.529411769
2018-04-05 03:30:00,23.20000076,498.1866709,0,4.390000343,0.033333333,0,3.529411769
2018-04-05 04:00:00,23.20000076,482.5599976,0,5.399999619,1.033333333,0,3.529411769
2018-04-05 04:30:00,23.05000019,486.9119995,0,4.894999981,1.933333333,0,3.529411769
2018-04-05 05:00:00,22.90000025,491.6266683,5.5,4.894999981,16.2,19.6078434,3.529411769
2018-04-05 05:30:00,22.39999962,479.8720032,8.5,4.390000343,26,19.6078434,3.529411769
2018-04-05 06:00:00,22.20000013,509.2266693,28,5.399999619,26.3,19.6078434,3.529411769
2018-04-05 06:30:00,21.89999962,657.0880127,185.0400009,6.899999619,23.63333333,45.09803772,3.529411769
2018-04-05 07:00:00,22,646.1866659,41.33333333,8.399999619,0.833333333,45.09803772,3.529411769
2018-04-05 07:30:00,21.74285698,644,71,7.399999619,1.133333333,45.09803772,3.529411769
2018-04-05 08:00:00,21.69999981,571.3600057,86.02666728,8.399999619,5.9,45.09803772,3.529411769
2018-04-05 08:30:00,21.60000038,486.5066681,179.3599981,9.399999619,7.6,9.8039217,3.529411769
2018-04-05 09:00:00,21.60000038,491.3280029,238.9866638,10.39999962,3.8,19.6078434,3.529411769
2018-04-05 09:30:00,21.94999981,574.8266703,166.0133311,10.39999962,4.633333333,45.09803772,3.529411769
2018-04-05 10:00:00,22.03333346,565.3866679,24.33333333,8.75,4.833333333,45.09803772,3.529411769
2018-04-05 10:30:00,22.05000019,534.5371355,9.333333333,8,4,45.09803772,3.529411769
2018-04-05 11:00:00,22.10000038,496.8000031,29.66666667,8,3.9,19.6078434,3.529411769
2018-04-05 11:30:00,22.29999987,496.2133331,97.34666697,8,3.766666667,19.6078434,3.529411769
2018-04-05 12:00:00,22.52000008,502.4000041,76.66666667,8,3.8,19.6078434,3.529411769
2018-04-05 12:30:00,22.55000019,499.200002,50.5,8,2.233333333,19.6078434,3.529411769
2018-04-05 13:00:00,22.4749999,495.5200043,48.33333333,6.399999619,2,19.6078434,3.529411769
2018-04-05 13:30:00,22.65000057,499.0720032,16.5,6.399999619,0.933333333,19.6078434,3.529411769
2018-04-05 14:00:00,22.4749999,492.2880005,9.666666667,6.233332952,0,19.6078434,3.529411769
2018-04-05 14:30:00,22.75,494.5599976,3,6.233332952,0,19.6078434,3.529411769
2018-04-05 15:00:00,22.89999962,494.5280029,0,4.890000343,0,0,3.529411769
2018-04-05 15:30:00,23,502.5599976,18.66666667,3.890000343,0,0,3.529411769
2018-04-05 16:00:00,23.10000038,495.4880005,39.33333333,3.890000343,0,0,3.529411769
2018-04-05 16:30:00,23.25,496.2559937,50.33333333,3.890000343,0,0,3.529411769
2018-04-05 17:00:00,23.5,490.1119995,16.66666667,2.800000191,0,0,3.529411769
2018-04-05 17:30:00,23.70000076,484.2133331,16.66666667,3.247499943,0,0,3.529411769
2018-04-05 18:00:00,23.60000038,487.3600006,0,1.699999809,0,0,3.529411769
2018-04-05 18:30:00,23.5,482.4533285,0,1.699999809,0.666666667,0,3.529411769
2018-04-05 19:00:00,23.39999962,479.3600006,0,1.699999809,1,0,3.529411769
2018-04-05 19:30:00,22.88333321,476.9066671,0,0.699999809,1,19.6078434,3.529411769
2018-04-05 20:00:00,22.875,489.9733276,0,0.699999809,1,19.6078434,3.529411769
2018-04-05 20:30:00,23.20000076,474.0799967,0,0.699999809,0.366666667,19.6078434,3.529411769
2018-04-05 21:00:00,23.10000038,489.0240051,0,0.699999809,0,19.6078434,3.529411769
2018-04-05 21:30:00,23.10000038,504.2666626,0,0.699999809,0,19.6078434,3.529411769
2018-04-05 22:00:00,23.10000038,511.3600108,0,0.699999809,0,19.6078434,3.529411769
2018-04-05 22:30:00,23.10000038,489.8666687,0,0.699999809,0,19.6078434,3.529411769
2018-04-05 23:00:00,23.10000038,501.6533305,0,0.699999809,0.266666667,19.6078434,3.529411769
2018-04-05 23:30:00,23.10000038,526.0800069,0,0.699999809,0,19.6078434,3.529411769
2018-04-06 00:00:00,23.10000038,541.6533305,0,-0.400000095,0,19.6078434,3.529411769
2018-04-06 00:30:00,23.10000038,507.2000122,0,-0.400000095,0,19.6078434,3.529411769
2018-04-06 01:00:00,23,481.6,0,-0.400000095,0,0,3.529411769
2018-04-06 01:30:00,23,544.1600037,0,-0.400000095,0,0,3.529411769
2018-04-06 02:00:00,22.89999962,548.1600037,0,-0.400000095,0,0,3.529411769
2018-04-06 02:30:00,22.89999962,535.0399984,0,-0.400000095,0,0,3.529411769
2018-04-06 03:00:00,22.79999924,544.0533346,0,-0.400000095,1.133333333,0,3.529411769
2018-04-06 03:30:00,22.79999924,529.3866577,0,-0.400000095,1.233333333,0,3.529411769
2018-04-06 04:00:00,22.79999924,498.3466746,0,0.599999905,1,19.6078434,3.529411769
2018-04-06 04:30:00,22.60000038,517.1733398,0,-0.049999952,1,19.6078434,3.529411769
2018-04-06 05:00:00,22.60000038,491.3600006,16.66666667,-0.049999952,1,0,3.529411769
2018-04-06 05:30:00,22.60000038,484.2133331,47,2,1,0,3.529411769
2018-04-06 06:00:00,22.625,480.5333303,116.0266673,4.5,1.266666667,0,3.529411769
2018-04-06 06:30:00,22.5,484.4159973,172.0533295,6.5,10.26666667,0,3.529411769
2018-04-06 07:00:00,22.26666673,488.2666626,254.9599991,8.5,26.56666667,0,3.529411769
2018-04-06 07:30:00,22.43333308,508.6933339,330.6666667,9.949999809,26.16666667,19.6078434,3.529411769
2018-04-06 08:00:00,22.80000019,678.9333293,410.9866638,11.06666629,27.9,45.09803772,3.529411769
2018-04-06 08:30:00,22.63999977,663.7866618,493.5999908,10.89999962,24.8,45.09803772,3.529411769
2018-04-06 09:00:00,22.66666667,607.3599955,555.5200195,12.39999962,24.23333333,45.09803772,3.529411769
2018-04-06 09:30:00,22.75,613.5466614,589.013326,12.39999962,26.6,45.09803772,3.529411769
2018-04-06 10:00:00,22.89999962,672.4571533,597.973348,11.89999962,21.96666667,45.09803772,3.529411769
2018-04-06 10:30:00,23,629.5466614,628,11.89999962,21.13333333,45.09803772,3.529411769
2018-04-06 11:00:00,22.29090916,678.7200073,645.1199951,10.89999962,3.966666667,45.09803772,3.529411769
2018-04-06 11:30:00,21.36666679,650.9866536,627.9466553,9.399999619,0.2,45.09803772,3.529411769
2018-04-06 12:00:00,22.08571434,586.8800049,619.5200195,9.399999619,0,45.09803772,3.529411769
2018-04-06 12:30:00,22.5,493.247998,579.4133301,9.399999619,0,19.6078434,3.529411769
2018-04-06 13:00:00,22.34999943,477.1733297,559.0399984,10.39999962,0.033333333,0,3.529411769
2018-04-06 13:30:00,22.5,480.5333354,476.480011,10.39999962,0,0,3.529411769
2018-04-06 14:00:00,22.34999943,475.8399963,441.3866679,10.39999962,0,0,3.529411769
2018-04-06 14:30:00,22.34999943,478.399999,295.3599904,10.39999962,0,0,3.529411769
2018-04-06 15:00:00,22.34999943,474.4320007,257.9999924,9.899999619,0,0,3.529411769
2018-04-06 15:30:00,22.9,474.6666718,207.7333323,9.633333524,0,0,3.529411769
2018-04-06 16:00:00,23.53333346,473.8666687,155.3599955,9.633333524,0,0,3.529411769
2018-04-06 16:30:00,23.53333346,476.8533325,63.34666697,9.633333524,0,0,3.529411769
2018-04-06 17:00:00,23.65000057,480.0799942,8.5,8.199999809,0,0,3.529411769
2018-04-06 17:30:00,23.55000019,486.6559937,0,7.199999809,0,0,3.529411769
2018-04-06 18:00:00,23.25,489.6640015,0,5.699999809,0,0,3.529411769
2018-04-06 18:30:00,23.15000057,500.5333354,0,5.699999809,0.166666667,0,3.529411769
2018-04-06 19:00:00,23.15000057,479.8400065,0,4.100000381,0,0,3.529411769
2018-04-06 19:30:00,23,480.4266663,0,4.100000381,0,0,3.529411769
2018-04-06 20:00:00,22.75,522.7200063,0,4.100000381,0,19.6078434,3.529411769
2018-04-06 20:30:00,22.94999981,553.3866781,0,3.100000381,0,19.6078434,3.529411769
2018-04-06 21:00:00,22.94999981,576.0639893,0,3.100000381,0,19.6078434,3.529411769
2018-04-06 21:30:00,23.10000038,595.5199992,0,3.100000381,0,45.09803772,3.529411769
2018-04-06 22:00:00,23.10000038,610.2400004,0,3.100000381,0,45.09803772,3.529411769
2018-04-06 22:30:00,23.10000038,634.506663,0,3.100000381,0,45.09803772,3.529411769
2018-04-06 23:00:00,23.10000038,643.2533468,0,3.100000381,0.433333333,45.09803772,3.529411769
2018-04-06 23:30:00,23.10000038,653.1199951,0,3.100000381,0,45.09803772,3.529411769
2018-04-07 00:00:00,23.10000038,629.7066752,0,3.100000381,0,45.09803772,3.529411769
2018-04-07 00:30:00,23.10000038,610.4533285,0,2.099999905,0,45.09803772,3.529411769
2018-04-07 01:00:00,23.10000038,582.0266622,0,2.099999905,0,0,3.529411769
2018-04-07 01:30:00,23,558.8266602,0,2.099999905,0,0,3.529411769
2018-04-07 02:00:00,23,546.506663,0,2.099999905,0,0,3.529411769
2018-04-07 02:30:00,22.89999962,531.0400085,0,1.099999905,0,0,3.529411769
2018-04-07 03:00:00,22.89999962,513.3333333,0,1.099999905,0.133333333,0,3.529411769
2018-04-07 03:30:00,22.89999962,490.7200063,0,1.099999905,0.066666667,0,3.529411769
2018-04-07 04:00:00,22.79999924,498.8266703,0,2.099999905,0,0,3.529411769
2018-04-07 04:30:00,22.79999924,515.9999949,0,2.099999905,0,19.6078434,3.529411769
2018-04-07 05:00:00,22.79999924,509.3333384,8.5,2.099999905,0,0,3.529411769
2018-04-07 05:30:00,22.79999924,499.9466654,25.5,3.100000381,0,0,3.529411769
2018-04-07 06:00:00,22.89999962,498.1866659,86,4.600000381,0,0,3.529411769
2018-04-07 06:30:00,22.89999962,492.5333354,140.0266622,6.100000381,0,0,3.529411769
2018-04-07 07:00:00,22.89999962,495.8933309,173.6799978,7.100000381,0.866666667,0,3.529411769
2018-04-07 07:30:00,23,499.0933329,327.3600006,9.100000381,2.233333333,0,3.529411769
2018-04-07 08:00:00,23.10000038,507.2640076,372,9.100000381,27.73333333,0,3.529411769
2018-04-07 08:30:00,23.25,530.506663,461.7599894,11.10000038,39.23333333,19.6078434,3.529411769
2018-04-07 09:00:00,23.34999943,590.9485735,525.0133362,11.10000038,41.36666667,45.09803772,3.529411769
2018-04-07 09:30:00,23.60000038,851.1085728,504.7466634,11.76666705,40.76666667,85.09803772,3.529411769
2018-04-07 10:00:00,23.27142852,975.2799988,628,12.70000013,39.83333333,85.09803772,3.529411769
2018-04-07 10:30:00,22.5,908.799998,496.0000153,12,39.36666667,70.19607544,3.529411769
2018-04-07 11:00:00,22.70000029,755.5840088,558.6133423,12,39.4,70.19607544,3.529411769
2018-04-07 11:30:00,23.02499962,768.3199972,544.0000102,11,40.26666667,70.19607544,3.529411769
2018-04-07 12:00:00,23.0999999,690.1485683,585.0666707,12,39.6,45.09803772,3.529411769
2018-04-07 12:30:00,23.3499999,642.0266825,533.1199951,12,38.13333333,45.09803772,3.529411769
2018-04-07 13:00:00,23.86000023,654.1333211,472.7466634,12,1.033333333,45.09803772,3.529411769
2018-04-07 13:30:00,23.5666666,644,442.9866638,12,0,45.09803772,3.529411769
2018-04-07 14:00:00,23.47500038,693.851423,381.3333333,12,0,57.64705658,3.529411769
2018-04-07 14:30:00,23.93333308,511.0399933,319.519989,12,0,9.8039217,3.529411769
2018-04-07 15:00:00,24.29999987,488.6933339,272,12,0,9.8039217,3.529411769
2018-04-07 15:30:00,24.9,482.0266673,179.3599955,12,0.4,9.8039217,3.529411769
2018-04-07 16:00:00,25.39999962,485.6533305,142.053332,12,1,9.8039217,3.529411769
2018-04-07 16:30:00,25.29999924,488.3733317,72.68000031,12,1,19.6078434,3.529411769
2018-04-07 17:00:00,24.80000005,496.0639954,17,10.5,1,19.6078434,3.529411769
2018-04-07 17:30:00,25,497.3600006,0,8.899999619,1,19.6078434,3.529411769
2018-04-07 18:00:00,24.84999943,505.0880005,0,7.399999619,0.766666667,19.6078434,3.529411769
2018-04-07 18:30:00,24.65000057,523.7333272,0,7.399999619,0.6,19.6078434,3.529411769
2018-04-07 19:00:00,24.5,528.2666728,0,5.899999619,1,19.6078434,3.529411769
2018-04-07 19:30:00,24.39999962,528.6399902,0,5.899999619,0.566666667,19.6078434,3.529411769
2018-04-07 20:00:00,24.25,533.5466614,0,5.899999619,0.033333333,19.6078434,3.529411769
2018-04-07 20:30:00,24.25,520.6933289,0,5.899999619,0,19.6078434,3.529411769
2018-04-07 21:00:00,24.10000038,524.5333455,0,5.899999619,0,19.6078434,3.529411769
2018-04-07 21:30:00,24,489.3440002,0,4.890000343,0,19.6078434,3.529411769
2018-04-07 22:00:00,24,486.5066681,0,4.890000343,0.633333333,19.6078434,3.529411769
2018-04-07 22:30:00,23.89999962,478.2719971,0,3.890000343,0.066666667,19.6078434,3.529411769
2018-04-07 23:00:00,23.89999962,485.1733348,0,3.890000343,0,19.6078434,3.529411769
2018-04-07 23:30:00,23.79999924,536.3733317,0,3.890000343,0,45.09803772,3.529411769
2018-04-08 00:00:00,23.79999924,495.8399963,0,2.800000191,0,9.8039217,3.529411769
2018-04-08 00:30:00,23.70000076,473.4933319,0,2.800000191,0,9.8039217,3.529411769
2018-04-08 01:00:00,23.60000038,488.0533346,0,2.800000191,0,9.8039217,3.529411769
2018-04-08 01:30:00,23.60000038,470.6666667,0,2.800000191,0,9.8039217,3.529411769
2018-04-08 02:00:00,23.5,470.5600026,0,2.800000191,0,9.8039217,3.529411769
2018-04-08 02:30:00,23.5,465.4720032,0,2.800000191,0,9.8039217,3.529411769
2018-04-08 03:00:00,23.5,462.5066681,0,1.800000191,0.033333333,9.8039217,3.529411769
2018-04-08 03:30:00,23.39999962,465.706665,0,1.800000191,0,9.8039217,3.529411769
2018-04-08 04:00:00,23.39999962,472.1066691,0,1.800000191,0,9.8039217,3.529411769
2018-04-08 04:30:00,23.39999962,466.0266622,0,2.800000191,0,9.8039217,3.529411769
2018-04-08 05:00:00,23.39999962,472.1599986,6,3.800000191,0,9.8039217,3.529411769
2018-04-08 05:30:00,23.39999962,502.0266724,37.33333333,5.800000191,0,9.8039217,3.529411769
2018-04-08 06:00:00,23.39999962,502.8800049,112.3466644,8.300000191,0,9.8039217,3.529411769
2018-04-08 06:30:00,23.39999962,497.1733297,173.706665,11.85999985,0,9.8039217,3.529411769
2018-04-08 07:00:00,23.44999981,496,242.9866689,14.89999962,0,9.8039217,3.529411769
2018-04-08 07:30:00,23.5,498.4319946,314.0799967,16.89999962,0,9.8039217,3.529411769
2018-04-08 08:00:00,23.5,499.5200012,403.7333272,18.39999962,0.033333333,9.8039217,3.529411769
2018-04-08 08:30:00,23.5,499.1466675,484.0533244,19.56666629,0,9.8039217,3.529411769
2018-04-08 09:00:00,23.39999962,498.2400004,544,20.56666629,0.033333333,9.8039217,3.529411769
2018-04-08 09:30:00,23.29999924,495.9360046,568.1066691,21.39999962,0,19.6078434,3.529411769
2018-04-08 10:00:00,23.66666667,506.6133321,589.013326,21.89999962,0.033333333,0,3.529411769
2018-04-08 10:30:00,23.89999962,598.4533183,603.6266683,21.23333295,0,0,3.529411769
2018-04-08 11:00:00,23.6,579.8933411,615.0400187,19.89999962,0.733333333,45.09803772,3.529411769
2018-04-08 11:30:00,22.83333302,590.0266724,611.5200195,18.89999962,1,0,3.529411769
2018-04-08 12:00:00,23.31428582,504.8533325,588.9599915,18.89999962,1,19.6078434,3.529411769
2018-04-08 12:30:00,22.9375,600,583.039978,18.89999962,1,45.09803772,3.529411769
2018-04-08 13:00:00,22.39999962,643.8933411,516.0533244,18.89999962,1,45.09803772,3.529411769
2018-04-08 13:30:00,22.70000076,605.493337,468.6399994,18.89999962,1,45.09803772,3.529411769
2018-04-08 14:00:00,22.55000019,541.8666789,415.0399984,18.89999962,0.6,45.09803772,3.529411769
2018-04-08 14:30:00,22.44999981,524.7999878,293.7333323,18.89999962,0,45.09803772,3.529411769
2018-04-08 15:00:00,22.65000057,521.2160034,265.7066701,17.89999962,0,45.09803772,3.529411769
2018-04-08 15:30:00,23.5,480.9142848,183.0399984,16.89999962,0,19.6078434,3.529411769
2018-04-08 16:00:00,24.39999962,470.0266622,105.0133311,15.89999962,0,0,3.529411769
2018-04-08 16:30:00,24.75,465.9200033,67.5,14.89999962,0,0,3.529411769
2018-04-08 17:00:00,24.75,465.8560059,24.33333333,14.89999962,0,0,3.529411769
2018-04-08 17:30:00,24.70000076,470.2719971,0,13.89999962,0,0,3.529411769
2018-04-08 18:00:00,24.55000019,464.8533376,0,12.89999962,0,0,3.529411769
2018-04-08 18:30:00,24.55000019,469.2266693,0,12.89999962,0,0,3.529411769
2018-04-08 19:00:00,24.39999962,479.4880005,0,11.89999962,0,0,3.529411769
2018-04-08 19:30:00,24.29999924,479.7333374,0,11.89999962,0,0,3.529411769
2018-04-08 20:00:00,24.15000057,469.1733348,0,10.89999962,0,0,3.529411769
2018-04-08 20:30:00,24,471.4880005,0,10.89999962,0,0,3.529411769
2018-04-08 21:00:00,24,477.840004,0,9.899999619,0,0,3.529411769
2018-04-08 21:30:00,23.89999962,473.8666687,0,8.899999619,0,0,3.529411769
2018-04-08 22:00:00,23.79999924,474.4960022,0,8.899999619,0,0,3.529411769
2018-04-08 22:30:00,23.79999924,470.0799988,0,8.899999619,0,0,3.529411769
2018-04-08 23:00:00,23.70000076,475.2533315,0,8.899999619,0,0,3.529411769
2018-04-08 23:30:00,23.70000076,470.0799988,0,8.899999619,0,0,3.529411769
2018-04-09 00:00:00,23.70000076,466.6240051,0,8.899999619,0,0,3.529411769
2018-04-09 00:30:00,23.70000076,467.1999939,0,8.899999619,0,0,3.529411769
2018-04-09 01:00:00,23.70000076,470.2720032,0,8.899999619,0,0,3.529411769
2018-04-09 01:30:00,23.70000076,475.1200027,0,8.899999619,0,0,3.529411769
2018-04-09 02:00:00,23.60000038,467.0399984,0,8.899999619,0,0,3.529411769
2018-04-09 02:30:00,23.60000038,469.0133362,0,8.899999619,0,0,3.529411769
2018-04-09 03:00:00,23.60000038,469.0133362,0,8.899999619,0,0,3.529411769
2018-04-09 03:30:00,23.60000038,465.8559998,0,8.899999619,0.733333333,0,3.529411769
2018-04-09 04:00:00,23.60000038,468.2880005,0,8.899999619,0.9,0,3.529411769
2018-04-09 04:30:00,23.5,461.0559998,0,9.899999619,0.566666667,0,3.529411769
2018-04-09 05:00:00,23.26666641,463.6266632,6,8.899999619,1,19.6078434,3.529411769
2018-04-09 05:30:00,23.06666692,479.7333323,8.5,9.899999619,1.066666667,0,3.529411769
2018-04-09 06:00:00,23.44999981,476.5866648,33.66666667,10.89999962,1.033333333,0,3.529411769
2018-04-09 06:30:00,23.44999981,514.6666718,24.33333333,10.89999962,1.833333333,0,3.529411769
2018-04-09 07:00:00,23.43333308,531.8400065,126,11.89999962,8.366666667,0,3.529411769
2018-04-09 07:30:00,23.39999962,487.3600006,213.4133352,13.89999962,8.6,19.6078434,3.529411769
2018-04-09 08:00:00,23.20000076,520.2133433,364.6399943,15.89999962,8,19.6078434,3.529411769
2018-04-09 08:30:00,23.46666654,592.3733419,435.6799927,16.89999962,8.166666667,45.09803772,3.529411769
2018-04-09 09:00:00,23.70000076,577.2266642,340.0533244,15.89999962,14.5,45.09803772,3.529411769
2018-04-09 09:30:00,23.56666692,556.1066691,318.0799967,15.39999962,19.03333333,45.09803772,3.529411769
2018-04-09 10:00:00,23.75,582.0800069,293.7066701,13.89999962,18.23333333,45.09803772,3.529411769
2018-04-09 10:30:00,23.94999981,655.3066711,258.0266622,13.89999962,17.86666667,45.09803772,3.529411769
2018-04-09 11:00:00,23.94999981,630.4533285,224.6666667,13.89999962,21.46666667,45.09803772,3.529411769
2018-04-09 11:30:00,24.10000038,614.4000122,392.5866648,13.89999962,20.2,45.09803772,3.529411769
2018-04-09 12:00:00,24.2750001,612.8640137,583.3600057,14.89999962,18.56666667,45.09803772,3.529411769
2018-04-09 12:30:00,24.5,601.3333333,628.0533244,14.89999962,17.73333333,45.09803772,3.529411769
2018-04-09 13:00:00,24.70000013,580.5866801,313.9733378,13.89999962,14.46666667,45.09803772,3.529411769
2018-04-09 13:30:00,25.05000019,576.4480103,375.6800028,13.89999962,6.333333333,45.09803772,3.529411769
2018-04-09 14:00:00,25.43333308,567.5199992,381.1199951,13.89999962,0,45.09803772,3.529411769
2018-04-09 14:30:00,25.80000019,530.0266673,271.0400035,13.89999962,0,45.09803772,3.529411769
2018-04-09 15:00:00,25.89999962,507.3600108,179.7333323,12.79000092,0,9.8039217,3.529411769
2018-04-09 15:30:00,25.55000019,501.1733348,89.68000031,12.79000092,0,9.8039217,3.529411769
2018-04-09 16:00:00,25.29999987,490.5066681,43,11.79000092,0,9.8039217,3.529411769
2018-04-09 16:30:00,25,486.3466644,29.66666667,11.79000092,0,9.8039217,3.529411769
2018-04-09 17:00:00,24.54999971,482.3466695,0,10.19999981,0.166666667,9.8039217,3.529411769
2018-04-09 17:30:00,24.10000038,476.8799973,0,8.699999809,1,9.8039217,3.529411769
2018-04-09 18:00:00,23.79999987,470.9866638,0,7.699999809,1,9.8039217,3.529411769
2018-04-09 18:30:00,23.29999971,479.6160034,0,6.699999809,1,19.6078434,3.529411769
2018-04-09 19:00:00,23.5,478.0799988,0,6.699999809,1,19.6078434,3.529411769
2018-04-09 19:30:00,23.60000038,487.1999969,0,5.699999809,1,19.6078434,3.529411769
2018-04-09 20:00:00,23.20000013,481.8133392,0,4.699999809,0.566666667,19.6078434,3.529411769
2018-04-09 20:30:00,22.7249999,478.7200012,0,4.699999809,0,19.6078434,3.529411769
2018-04-09 21:00:00,23.07499981,475.9040039,0,3.600000381,0,19.6078434,3.529411769
2018-04-09 21:30:00,23.39999962,476.6933339,0,3.600000381,0,19.6078434,3.529411769
2018-04-09 22:00:00,23.55000019,457.6533356,0,3.600000381,0,0,3.529411769
2018-04-09 22:30:00,23.70000076,454.2720032,0,2.599999905,0,0,3.529411769
2018-04-09 23:00:00,23.70000076,452.9920044,0,3.100000143,0,0,3.529411769
2018-04-09 23:30:00,23.70000076,450.4000041,0,3.100000143,0,0,3.529411769
2018-04-10 00:00:00,23.70000076,449.8399963,0,3.100000143,0,0,3.529411769
2018-04-10 00:30:00,23.70000076,447.7333272,0,3.100000143,0,0,3.529411769
2018-04-10 01:00:00,23.70000076,445.6320007,0,3.100000143,0,0,3.529411769
2018-04-10 01:30:00,23.60000038,444.0959961,0,3.100000143,0,0,3.529411769
2018-04-10 02:00:00,23.60000038,440.5866699,0,3.100000143,0,0,3.529411769
2018-04-10 02:30:00,23.60000038,440.3840027,0,3.100000143,0,0,3.529411769
2018-04-10 03:00:00,23.60000038,437.493337,0,3.100000143,0,0,3.529411769
2018-04-10 03:30:00,23.60000038,437.8666738,0,3.100000143,0.4,0,3.529411769
2018-04-10 04:00:00,23.60000038,435.4559998,0,3.100000143,1.333333333,0,3.529411769
2018-04-10 04:30:00,23.60000038,436.8640015,0,3.699999809,1.066666667,0,3.529411769
2018-04-10 05:00:00,23.39999962,455.423999,0,4.699999809,1.033333333,19.6078434,3.529411769
2018-04-10 05:30:00,23.30000019,470.7200012,0,4.275000095,0.6,0,3.529411769
2018-04-10 06:00:00,23.5,452.5333303,35.66666667,4.275000095,0.033333333,0,3.529411769
2018-04-10 06:30:00,23.60000038,473.0879944,52.33333333,5.800000191,10.46666667,0,3.529411769
2018-04-10 07:00:00,23.60000038,492.9066671,73.01333364,4.800000191,34.2,0,3.529411769
2018-04-10 07:30:00,23,502.8799998,162.6933289,5.800000191,29,19.6078434,3.529411769
2018-04-10 08:00:00,22.72000008,653.4399923,201.70666,7.300000191,21.06666667,53.46405029,3.529411769
2018-04-10 08:30:00,22.79999971,587.2914342,407.3599955,8.800000191,14.8,53.46405029,3.529411769
2018-04-10 09:00:00,23.15000057,718.5600077,355.0399984,8.800000191,35.93333333,57.64705658,3.529411769
2018-04-10 09:30:00,23.19999981,635.8933309,568.3200073,9.800000191,34.4,57.64705658,3.529411769
2018-04-10 10:00:00,23.5666666,724.1599935,424.4266663,9.800000191,38.23333333,70.19607544,3.529411769
2018-04-10 10:30:00,23.89999962,772.0533244,441.0666707,9.300000191,34.3,70.19607544,3.529411769
2018-04-10 11:00:00,23.89999962,732.1599935,432.1066691,9.300000191,33.7,70.19607544,3.529411769
2018-04-10 11:30:00,23.89999962,676.6628592,546.0266724,9.300000191,33.33333333,45.09803772,3.529411769
2018-04-10 12:00:00,24.13333384,663.1039917,650.3999939,9.300000191,31.16666667,45.09803772,3.529411769
2018-04-10 12:30:00,24,713.2160034,469.0666504,9.300000191,17,45.09803772,3.529411769
2018-04-10 13:00:00,24,671.4666646,405.6533305,9.300000191,2.966666667,45.09803772,3.529411769
2018-04-10 13:30:00,24.10000038,682.4960083,400.1066691,9.300000191,2.233333333,45.09803772,3.529411769
2018-04-10 14:00:00,24.3333327,540.799998,351.3066711,9.300000191,0.1,45.09803772,3.529411769
2018-04-10 14:30:00,24.5,501.493337,306.293335,9.300000191,0,19.6078434,3.529411769
2018-04-10 15:00:00,25.02000008,481.8666636,149.3333333,8.800000191,0,19.6078434,3.529411769
2018-04-10 15:30:00,25.9000001,466.8799988,186.6666667,8.800000191,0,0,3.529411769
2018-04-10 16:00:00,26.10000038,465.0666707,119.3600006,8.800000191,0,0,3.529411769
2018-04-10 16:30:00,26,470.7840027,48,8.800000191,0,0,3.529411769
2018-04-10 17:00:00,25.84999943,471.3600006,9.333333333,7.800000191,0.1,0,3.529411769
2018-04-10 17:30:00,25.60000038,470.1866659,0,6.699999809,0,0,3.529411769
2018-04-10 18:00:00,25.25,472.5119995,0,6.699999809,0,0,3.529411769
2018-04-10 18:30:00,24.51666673,472,0,5.699999809,0,19.6078434,3.529411769
2018-04-10 19:00:00,24.15000057,481.3333333,0,4.699999809,0,19.6078434,3.529411769
2018-04-10 19:30:00,23.84999943,477.5680054,0,4.699999809,0,19.6078434,3.529411769
2018-04-10 20:00:00,23.40000025,482.8159973,0,3.699999809,0,19.6078434,3.529411769
2018-04-10 20:30:00,23.15000057,479.5199992,0,3.699999809,0,19.6078434,3.529411769
2018-04-10 21:00:00,23.20000013,476.4800049,0,3.699999809,0,19.6078434,3.529411769
2018-04-10 21:30:00,23.20000013,477.5466715,0,3.699999809,0.066666667,19.6078434,3.529411769
2018-04-10 22:00:00,23,478.8800049,0,2.699999809,0.366666667,19.6078434,3.529411769
2018-04-10 22:30:00,23.07500029,478.1866659,0,2.699999809,0,19.6078434,3.529411769
2018-04-10 23:00:00,23.20000076,479.5733337,0,2.699999809,0,19.6078434,3.529411769
2018-04-10 23:30:00,23.34999943,466.1120056,0,1.699999809,0,0,3.529411769
2018-04-11 00:00:00,23.55000019,455.200002,0,1.699999809,0,0,3.529411769
2018-04-11 00:30:00,23.55000019,452.0319946,0,1.699999809,0,0,3.529411769
2018-04-11 01:00:00,23.55000019,448.6400024,0,1.699999809,0,0,3.529411769
2018-04-11 01:30:00,23.55000019,448.2559998,0,1.699999809,0,0,3.529411769
2018-04-11 02:00:00,23.55000019,447.093338,0,0.5,0,0,3.529411769
2018-04-11 02:30:00,23.55000019,450.506663,0,0.5,0,0,3.529411769
2018-04-11 03:00:00,23.44999981,458.752002,0,0.5,0,0,3.529411769
2018-04-11 03:30:00,23.5,464.693339,0,0.5,0,0,3.529411769
2018-04-11 04:00:00,23.5,447.0400024,0,1.166666667,0.4,0,3.529411769
2018-04-11 04:30:00,23.5,450.6666718,9.333333333,1.166666667,1.6,0,3.529411769
2018-04-11 05:00:00,23.5,452.3733317,22.5,1.166666667,2.066666667,0,3.529411769
2018-04-11 05:30:00,23,480.5333303,69,2.5,2,19.6078434,3.529411769
2018-04-11 06:00:00,22.26000023,462.4640015,123.5200005,3.5,2.1,19.6078434,3.529411769
2018-04-11 06:30:00,22.60000038,529.3866679,190.3466644,4.5,2.133333333,19.6078434,3.529411769
2018-04-11 07:00:00,22.55000019,520.2559875,265.3333384,5.5,6.933333333,19.6078434,3.529411769
2018-04-11 07:30:00,22.44999981,573.6320068,332.3199972,5.5,10.63333333,45.09803772,3.529411769
2018-04-11 08:00:00,21.96666654,554.9866536,426.4533285,6.5,10.7,45.09803772,3.529411769
2018-04-11 08:30:00,22,551.3600057,504.7466532,7.5,12.66666667,45.09803772,3.529411769
2018-04-11 09:00:00,21.8499999,540.3733317,583.039978,7.5,38,45.09803772,3.529411769
2018-04-11 09:30:00,22.06666692,556.1600037,614.0800171,8.5,39.13333333,45.09803772,3.529411769
2018-04-11 10:00:00,22.4000001,711.0399882,622.3999837,8.5,39.4,70.19607544,3.529411769
2018-04-11 10:30:00,22.76666641,788.799998,637.3333333,8.5,38.73333333,70.19607544,3.529411769
2018-04-11 11:00:00,23.27999992,770.7428589,625.1199951,8.5,4.666666667,70.19607544,3.529411769
2018-04-11 11:30:00,23.5,760.576001,749.5466715,8.5,4.033333333,70.19607544,3.529411769
2018-04-11 12:00:00,23.60000038,608.3840088,777.5999959,8.5,4,45.09803772,3.529411769
2018-04-11 12:30:00,23.65000057,510.399999,596.3733317,8.5,4.066666667,19.6078434,3.529411769
2018-04-11 13:00:00,23.60000038,495.5199992,532.6933187,9.5,4,0,3.529411769
2018-04-11 13:30:00,23.79999987,510.0799988,463.3599955,9.5,4,0,3.529411769
2018-04-11 14:00:00,24.10000038,524.2133382,428.2666626,9.5,3.666666667,0,3.529411769
2018-04-11 14:30:00,23.89999962,518.1866659,340.0533346,9.5,3,0,3.529411769
2018-04-11 15:00:00,24.05000019,507.1999969,267.3600006,9.5,3,0,3.529411769
2018-04-11 15:30:00,24.20000076,502.7840027,213.0400009,8.5,3,0,3.529411769
2018-04-11 16:00:00,24.69999981,496.1599986,138.3466644,8.5,3,0,3.529411769
2018-04-11 16:30:00,25.20000013,484.6399994,75.01333364,7.5,3,0,3.529411769
2018-04-11 17:00:00,25.44999981,482.8799998,26,6.5,3,0,3.529411769
2018-04-11 17:30:00,25.39999962,480.6400085,0,5.5,3.7,0,3.529411769
2018-04-11 18:00:00,25.25,479.2960022,0,4.600000064,3.933333333,0,3.529411769
2018-04-11 18:30:00,24.6833334,479.4240051,0,3.199999809,1.966666667,19.6078434,3.529411769
2018-04-11 19:00:00,24,486.9120056,0,3.199999809,2,19.6078434,3.529411769
2018-04-11 19:30:00,23.79999987,497.840004,0,3.199999809,2,19.6078434,3.529411769
2018-04-11 20:00:00,23.79999924,498.3040039,0,3.199999809,1.333333333,19.6078434,3.529411769
2018-04-11 20:30:00,23.70000076,495.8400014,0,2.099999905,0,19.6078434,3.529411769
2018-04-11 21:00:00,23.60000038,502.5920044,0,2.099999905,0,19.6078434,3.529411769
2018-04-11 21:30:00,23.53333346,489.3333282,0,2.099999905,0,19.6078434,3.529411769
2018-04-11 22:00:00,23.65000057,465.0666707,0,2.099999905,0,0,3.529411769
2018-04-11 22:30:00,23.65000057,459.3920044,0,2.099999905,0,0,3.529411769
2018-04-11 23:00:00,23.65000057,456.9066671,0,2.099999905,0.933333333,0,3.529411769
2018-04-11 23:30:00,23.60000038,447.5999985,0,2.099999905,1,0,3.529411769
2018-04-12 00:00:00,23.60000038,450.8799988,0,2.099999905,1,0,3.529411769
2018-04-12 00:30:00,23.60000038,450.8266652,0,1.099999905,1,0,3.529411769
2018-04-12 01:00:00,23.5,445.3600006,0,1.099999905,1,0,3.529411769
2018-04-12 01:30:00,23.5,445.1733348,0,1.099999905,1,0,3.529411769
2018-04-12 02:00:00,23.5,442.7200063,0,1.099999905,1,0,3.529411769
2018-04-12 02:30:00,23.39999962,444.2240051,0,1.099999905,1,0,3.529411769
2018-04-12 03:00:00,23.39999962,439.0399984,0,1.099999905,1,0,3.529411769
2018-04-12 03:30:00,23.39999962,441.6640015,0,1.099999905,1,0,3.529411769
2018-04-12 04:00:00,23.39999962,445.6533356,0,2.099999905,1.4,0,3.529411769
2018-04-12 04:30:00,23.39999962,443.5200043,0,2.099999905,2.733333333,0,3.529411769
2018-04-12 05:00:00,23.39999962,448.9600016,0,2.099999905,18.66666667,19.6078434,3.529411769
2018-04-12 05:30:00,23.25,468.2666677,0,2.685714381,31,19.6078434,3.529411769
2018-04-12 06:00:00,22.89999962,490.5600026,25,3.600000381,30.23333333,19.6078434,3.529411769
2018-04-12 06:30:00,23.05000019,714.2400131,121.6666667,4.100000381,24.6,57.64705658,3.529411769
2018-04-12 07:00:00,22.80000019,636.0000102,162.6666667,5.100000381,0.2,45.09803772,3.529411769
2018-04-12 07:30:00,22.67500019,615.7333476,332.6400045,6.100000381,0,45.09803772,3.529411769
2018-04-12 08:00:00,22.79999971,602.4533285,389.4400024,7.100000381,0.033333333,45.09803772,3.529411769
2018-04-12 08:30:00,22.53333346,503.8400014,478.7200012,8.600000381,3.866666667,0,3.529411769
2018-04-12 09:00:00,22.79999924,516.8000031,529.0666504,8.600000381,19.56666667,0,3.529411769
2018-04-12 09:30:00,22.94999981,537.813324,545.7066854,10.10000038,21.7,19.6078434,3.529411769
2018-04-12 10:00:00,23.15000057,622.4533386,571.9466553,11.10000038,21.73333333,45.09803772,3.529411769
2018-04-12 10:30:00,22.93999977,668.2666728,538.4533285,12.10000038,21.83333333,45.09803772,3.529411769
2018-04-12 11:00:00,23.20000013,650.9866842,502.6133321,11.10000038,9.5,45.09803772,3.529411769
2018-04-12 11:30:00,23.10000038,630.5920044,641.0666707,11.10000038,0.766666667,45.09803772,3.529411769
2018-04-12 12:00:00,23.35999985,608.3733215,366.7200012,11.10000038,0,45.09803772,3.529411769
2018-04-12 12:30:00,23.75,519.8399963,497.3866577,11.10000038,0.066666667,19.6078434,3.529411769
2018-04-12 13:00:00,24,481.2266693,476.6933289,11.10000038,0,0,3.529411769
2018-04-12 13:30:00,24.25,477.247998,293.3333282,11.10000038,0.033333333,0,3.529411769
2018-04-12 14:00:00,24.70000013,475.0720032,375.7333272,11.10000038,0,0,3.529411769
2018-04-12 14:30:00,25.20000013,468.2133331,293.3333333,11.10000038,0,0,3.529411769
2018-04-12 15:00:00,25.57500029,469.3866628,141.7066625,11.10000038,0,0,3.529411769
2018-04-12 15:30:00,25.10000038,474.3466695,80.34666697,10.10000038,0,0,3.529411769
2018-04-12 16:00:00,24.89999962,472.4480042,67.01333364,9.100000381,0,0,3.529411769
2018-04-12 16:30:00,24.75,476.0533295,20.66666667,9.100000381,0,0,3.529411769
2018-04-12 17:00:00,24.5,475.8399963,0,8,0,0,3.529411769
2018-04-12 17:30:00,24.25,479.3600037,0,6.899999619,0,0,3.529411769
2018-04-12 18:00:00,24.10000038,478.5279968,0,5.800000191,0,0,3.529411769
2018-04-12 18:30:00,23.94999981,480.8533376,0,5.800000191,0.633333333,0,3.529411769
2018-04-12 19:00:00,23.94999981,477.8880005,0,5.800000191,1,0,3.529411769
2018-04-12 19:30:00,23.47999992,478.5066732,0,4.699999809,1,19.6078434,3.529411769
2018-04-12 20:00:00,22.89999962,481.6533305,0,4.699999809,0.4,19.6078434,3.529411769
2018-04-12 20:30:00,22.65000057,479.1039978,0,4.699999809,0,19.6078434,3.529411769
2018-04-12 21:00:00,22.70000076,478.1866659,0,4.699999809,0.633333333,19.6078434,3.529411769
2018-04-12 21:30:00,22.84999943,476.1599986,0,4.699999809,0.6,19.6078434,3.529411769
2018-04-12 22:00:00,22.80000019,482.176001,0,4.699999809,0,19.6078434,3.529411769
2018-04-12 22:30:00,22.89999962,475.3600006,0,4.699999809,0,19.6078434,3.529411769
2018-04-12 23:00:00,22.79999924,476.9600016,0,4.699999809,0.333333333,19.6078434,3.529411769
2018-04-12 23:30:00,22.79999924,481.023999,0,5.699999809,0,19.6078434,3.529411769
2018-04-13 00:00:00,22.94999981,479.8400014,0,5.699999809,0,19.6078434,3.529411769
2018-04-13 00:30:00,23.15000057,461.8666687,0,5.699999809,0,19.6078434,3.529411769
2018-04-13 01:00:00,23.29999924,446.9119995,0,5.699999809,0,0,3.529411769
2018-04-13 01:30:00,23.29999924,446.5600026,0,4.699999809,0,0,3.529411769
2018-04-13 02:00:00,23.29999924,442.4533335,0,4.699999809,0,0,3.529411769
2018-04-13 02:30:00,23.29999924,441.9199951,0,4.699999809,0,0,3.529411769
2018-04-13 03:00:00,23.20000076,450.986674,0,4.699999809,0.566666667,0,3.529411769
2018-04-13 03:30:00,23.20000076,448.4800008,0,4.699999809,1,0,3.529411769
2018-04-13 04:00:00,22.96666654,444.4159973,0,5.800000191,0.966666667,19.6078434,3.529411769
2018-04-13 04:30:00,22.96666654,452.3733317,0,5.800000191,1.533333333,19.6078434,3.529411769
2018-04-13 05:00:00,22.96666654,457.8559998,0,5.800000191,14,19.6078434,3.529411769
2018-04-13 05:30:00,22.83333333,477.493337,22.5,5.800000191,17.86666667,19.6078434,3.529411769
2018-04-13 06:00:00,23.03333346,518.7199925,67.5,6.800000191,14.96666667,45.09803772,3.529411769
2018-04-13 06:30:00,23.19999981,648.7999878,76.68000031,6.800000191,17.3,45.09803772,3.529411769
2018-04-13 07:00:00,22.93333308,640.7679932,126.9866689,7.800000191,1.066666667,45.09803772,3.529411769
2018-04-13 07:30:00,22.94999981,650.6133423,222.3466695,9.300000191,1,45.09803772,3.529411769
2018-04-13 08:00:00,23.26666705,601.8666687,370.3466695,10.80000019,0.666666667,45.09803772,3.529411769
2018-04-13 08:30:00,23.34999943,505.0666606,418.6666565,11.89999962,2.6,0,3.529411769
2018-04-13 09:00:00,23.60000038,530.0799866,381.4399872,11.89999962,20.46666667,0,3.529411769
2018-04-13 09:30:00,23.19999981,527.0399984,196.3733317,10.89999962,19.76666667,19.6078434,3.529411769
2018-04-13 10:00:00,22.87999992,596.1066589,110.3599981,10.89999962,23.5,45.09803772,3.529411769
2018-04-13 10:30:00,22.94999981,677.376001,155.3600006,10.89999962,18.43333333,45.09803772,3.529411769
2018-04-13 11:00:00,23.20000029,685.2266642,110.3333333,10.89999962,0.6,45.09803772,3.529411769
2018-04-13 11:30:00,22.85999947,643.8399963,191.0399933,11.89999962,0.033333333,45.09803772,3.529411769
2018-04-13 12:00:00,23,598.0266622,384.9599915,11.89999962,0,45.09803772,3.529411769
2018-04-13 12:30:00,22.68333308,492.2133382,325.706665,10.89999962,0,9.8039217,3.529411769
2018-04-13 13:00:00,23.13333321,481.8666687,321.6533305,10.89999962,0,9.8039217,3.529411769
2018-04-13 13:30:00,23.75,480.213328,394.6666667,10.89999962,0,9.8039217,3.529411769
2018-04-13 14:00:00,23.70000013,477.7066701,360.7466634,10.89999962,0,9.8039217,3.529411769
2018-04-13 14:30:00,23.70000013,479.2000046,211.3599955,10.89999962,0,9.8039217,3.529411769
2018-04-13 15:00:00,24.10000038,487.0400024,112.0400009,10.89999962,0,9.8039217,3.529411769
2018-04-13 15:30:00,23.83333333,492.4159973,82,10.89999962,0.266666667,9.8039217,3.529411769
2018-04-13 16:00:00,23.55000019,489.4080017,20,9.899999619,1,9.8039217,3.529411769
2018-04-13 16:30:00,23.63333384,487.5999985,0,8.899999619,1,9.8039217,3.529411769
2018-04-13 17:00:00,23.28333346,482.0800018,0,8.899999619,1,19.6078434,3.529411769
2018-04-13 17:30:00,23.36666616,487.1466675,0,8.899999619,0.3,19.6078434,3.529411769
2018-04-13 18:00:00,23.36666616,483.2639954,0,8.899999619,0.933333333,19.6078434,3.529411769
2018-04-13 18:30:00,23.19999981,486.0266622,0,7.899999619,0.9,19.6078434,3.529411769
2018-04-13 19:00:00,23.12500048,479.0399963,0,7.899999619,0.166666667,19.6078434,3.529411769
2018-04-13 19:30:00,22.80000019,483.5199992,0,7.899999619,1,19.6078434,3.529411769
2018-04-13 20:00:00,22.73333295,479.6800028,0,8.899999619,0.833333333,19.6078434,3.529411769
2018-04-13 20:30:00,22.94999981,479.3599955,0,7.800000191,0,19.6078434,3.529411769
2018-04-13 21:00:00,22.76666641,482.8266703,0,7.800000191,0,19.6078434,3.529411769
2018-04-13 21:30:00,22.75,482.7999954,0,7.800000191,0,19.6078434,3.529411769
